"Name","Commit","Runtime","GitHub","Group","Notes","Tags","fold","model","seed","lr","test_acc","test_auc","test_f1","test_loss","test_precision","test_recall","train_loss","valid_acc","valid_auc","valid_f1","valid_loss","valid_precision","valid_recall"
"ctmp_gin_opt_seed_1","97773af4cc586426650dbf7372082be82b61b90f","2","https://github.com/loveiscomplicated/CTMP_GIN/tree/97773af4cc586426650dbf7372082be82b61b90f","ctmp_gin","-","","","","","0.0000020000545669733313","0.8836310891544118","0.9549282832387448","0.8687907852905775","0.2728699369720535","0.8702045759266468","0.8673815810745271","0.22919413826227497","0.8832959941789216","0.953937670670729","0.8682422755351864","0.2764014970644074","0.8708449879659143","0.8656550743067755"
"ctmp_gin_opt_seed_2","97773af4cc586426650dbf7372082be82b61b90f","2","https://github.com/loveiscomplicated/CTMP_GIN/tree/97773af4cc586426650dbf7372082be82b61b90f","ctmp_gin","-","","","","","0.0000020000545669733313","0.8840810738357843","0.9543988901913242","0.8688734979882926","0.27395494066434145","0.8732950896404585","0.8644964548177841","0.23287461697505576","0.8846220128676471","0.9549033788203668","0.8695694525618547","0.27239014623437835","0.8733314491934432","0.8658397275627209"
"ctmp_gin_opt_seed_3","97773af4cc586426650dbf7372082be82b61b90f","2","https://github.com/loveiscomplicated/CTMP_GIN/tree/97773af4cc586426650dbf7372082be82b61b90f","ctmp_gin","-","","","","","0.0000020000545669733313","0.8839231004901961","0.9547526560355906","0.8689155584387501","0.27302997018319536","0.8717431391691073","0.8661062614505873","0.23270275143532484","0.8844209558823529","0.954594566191908","0.8692700042233845","0.27372314132580905","0.8736694312022465","0.8649146625290923"
"gin_opt_seed_1","97773af4cc586426650dbf7372082be82b61b90f","2","https://github.com/loveiscomplicated/CTMP_GIN/tree/97773af4cc586426650dbf7372082be82b61b90f","gin","-","","","","","0.00001277545409338495","0.8821518841911765","0.9537307081056478","0.8664214090376351","0.2738513016312773","0.8724524920501361","0.8604731368216846","0.2481069086289616","0.8819939108455882","0.9530058363661312","0.8661530191721913","0.2764355255233923","0.8728305355540479","0.8595768986216336"
"gin_opt_seed_2","97773af4cc586426650dbf7372082be82b61b90f","2","https://github.com/loveiscomplicated/CTMP_GIN/tree/97773af4cc586426650dbf7372082be82b61b90f","gin","-","","","","","0.00001277545409338495","0.8817354090073529","0.9530839134269752","0.8660271253721469","0.2757110876255929","0.8717044573749195","0.860423266739941","0.25219833328336005","0.8822811351102942","0.9536518587938202","0.8667392824047732","0.27413834229846545","0.87170403636324","0.8618307612725234"
"gin_opt_seed_3","97773af4cc586426650dbf7372082be82b61b90f","2","https://github.com/loveiscomplicated/CTMP_GIN/tree/97773af4cc586426650dbf7372082be82b61b90f","gin","-","","","","","1.277545409338495e-7","0.8817258348651961","0.9536813959076126","0.8658664364783357","0.27399729193418393","0.8724167733324582","0.859413729927794","0.2529442595625619","0.8811274509803921","0.9532669745584336","0.8650933350718213","0.2750468737473023","0.8724304185842647","0.8578786311524869"
"a3tgcn_2_points_opt_seed_1","e21d01bbc19bfe2d7a582f06c6268769e4640a91","2","https://github.com/loveiscomplicated/CTMP_GIN/tree/e21d01bbc19bfe2d7a582f06c6268769e4640a91","a3tgcn_2_points","-","","","","","0.00002149225458233667","0.879672181372549","0.952401312387884","0.8637570869513371","0.28026211184964356","0.8688242157258285","0.8587487201595085","0.23090220485464197","0.8797104779411765","0.9518393253806252","0.8635712113972983","0.282175901465491","0.87017605287057","0.8570658792339775"
"a3tgcn_2_points_opt_seed_2","e21d01bbc19bfe2d7a582f06c6268769e4640a91","2","https://github.com/loveiscomplicated/CTMP_GIN/tree/e21d01bbc19bfe2d7a582f06c6268769e4640a91","a3tgcn_2_points","-","","","","","0.0000021492254582336675","0.8805577895220589","0.9524242183861988","0.8646137985295315","0.2804549806654069","0.8707988589290984","0.8585159802590462","0.2296589478288824","0.8819651884191176","0.9532199544137058","0.8662613157452256","0.2780316690375965","0.872017472017472","0.8605806535046124"
"a3tgcn_2_points_opt_seed_3","e21d01bbc19bfe2d7a582f06c6268769e4640a91","2","https://github.com/loveiscomplicated/CTMP_GIN/tree/e21d01bbc19bfe2d7a582f06c6268769e4640a91","a3tgcn_2_points","-","","","","","0.00002149225458233667","0.8813045726102942","0.953047416803298","0.8656250508072252","0.28023560876688935","0.8706217091277758","0.8606854186873586","0.2231507023758312","0.8813572303921569","0.9526368739834354","0.8657130472475076","0.28156512279057283","0.8706949167320603","0.8607878631152487"
"ctmp_gin_seed1_fold0","e21d01bbc19bfe2d7a582f06c6268769e4640a91","2","https://github.com/loveiscomplicated/CTMP_GIN/tree/e21d01bbc19bfe2d7a582f06c6268769e4640a91","ctmp_gin_kfold","-","","0","ctmp_gin","1","0.0000020000545669733313","0.8828890931372549","0.9538889266173936","0.8674784945071613","0.2759960524671175","0.8721082211475624","0.862897663591689","0.23129395389078344","0.882956081081081","0.9535983128706722","0.8673913667550214","0.2770872798859867","0.8730976690425737","0.8617591694712224"
"ctmp_gin_seed1_fold1","e21d01bbc19bfe2d7a582f06c6268769e4640a91","2","https://github.com/loveiscomplicated/CTMP_GIN/tree/e21d01bbc19bfe2d7a582f06c6268769e4640a91","ctmp_gin_kfold","-","","1","ctmp_gin","1","0.0000020000545669733313","0.8835257735906863","0.954428900806084","0.8682453470804521","0.2730993830096993","0.8725687604079367","0.8639645659108544","0.23648247563483965","0.8833403716216216","0.9544447452270556","0.8680634823599085","0.27318446872119706","0.8722166769041769","0.8639496525302075"
"ctmp_gin_seed1_fold2","e21d01bbc19bfe2d7a582f06c6268769e4640a91","3","https://github.com/loveiscomplicated/CTMP_GIN/tree/e21d01bbc19bfe2d7a582f06c6268769e4640a91","ctmp_gin_kfold","-","","2","ctmp_gin","1","0.0000020000545669733313","0.8819891237745098","0.9534602301017844","0.8670162264802348","0.277226087053671","0.8679901494858723","0.8660444865936718","0.23125327443787924","0.8828462837837838","0.9535201140954112","0.8679065603900618","0.27707132550723784","0.8694217083547975","0.8663966841584911"
"ctmp_gin_seed1_fold3","e21d01bbc19bfe2d7a582f06c6268769e4640a91","3","https://github.com/loveiscomplicated/CTMP_GIN/tree/e21d01bbc19bfe2d7a582f06c6268769e4640a91","ctmp_gin_kfold","-","","3","ctmp_gin","1","0.0000020000545669733313","0.8833534390318627","0.9543113486762662","0.8679445699947431","0.2733461162373723","0.8729736506448342","0.8629731011294077","0.23740608102615024","0.8839273648648649","0.9545506908693364","0.8686602253504975","0.272856368375054","0.8732502618002248","0.8641181895101105"
"ctmp_gin_seed1_fold4","e21d01bbc19bfe2d7a582f06c6268769e4640a91","3","https://github.com/loveiscomplicated/CTMP_GIN/tree/e21d01bbc19bfe2d7a582f06c6268769e4640a91","ctmp_gin_kfold","-","","4","ctmp_gin","1","0.0000020000545669733313","0.8827981387867647","0.9538646986545152","0.8672727568429098","0.2752470175299801","0.8725850614711625","0.8620247435123718","0.2348530089853157","0.8826097972972973","0.9536523414133992","0.8669773941006451","0.27618818950684865","0.8727996223106494","0.8612323284180904"
"ctmp_gin_seed2_fold0","e21d01bbc19bfe2d7a582f06c6268769e4640a91","4","https://github.com/loveiscomplicated/CTMP_GIN/tree/e21d01bbc19bfe2d7a582f06c6268769e4640a91","ctmp_gin_kfold","-","","0","ctmp_gin","2","0.0000020000545669733313","0.8824582567401961","0.9537806682094728","0.8669621377950196","0.2752995355470097","0.8718180629413304","0.862160006896849","0.235714425796832","0.8831418918918919","0.9542175078186445","0.8677714384013303","0.2740356054642587","0.8723819222935322","0.8632094305542352"
"ctmp_gin_seed2_fold1","e21d01bbc19bfe2d7a582f06c6268769e4640a91","2","https://github.com/loveiscomplicated/CTMP_GIN/tree/e21d01bbc19bfe2d7a582f06c6268769e4640a91","ctmp_gin_kfold","-","","1","ctmp_gin","2","0.0000020000545669733313","0.8826832490808824","0.953793745202864","0.867293727764511","0.27485599910289843","0.8716408163265306","0.8629897840424157","0.2399564943151909","0.8835472972972973","0.954330253707694","0.8681608689831902","0.27315350103248726","0.8732039469887861","0.8631757077938129"
"ctmp_gin_seed2_fold2","e21d01bbc19bfe2d7a582f06c6268769e4640a91","2","https://github.com/loveiscomplicated/CTMP_GIN/tree/e21d01bbc19bfe2d7a582f06c6268769e4640a91","ctmp_gin_kfold","-","","2","ctmp_gin","2","0.0000020000545669733313","0.8820226332720589","0.9536943545674677","0.8662509565132447","0.2753645355287214","0.8725441962675063","0.8600478468899522","0.23851466913001168","0.8825422297297297","0.9538271159393396","0.867056056898134","0.2752107601479876","0.871907023244189","0.8622587698450423"
"ctmp_gin_seed2_fold3","e21d01bbc19bfe2d7a582f06c6268769e4640a91","3","https://github.com/loveiscomplicated/CTMP_GIN/tree/e21d01bbc19bfe2d7a582f06c6268769e4640a91","ctmp_gin_kfold","-","","3","ctmp_gin","2","0.0000020000545669733313","0.8816731770833334","0.953738299656802","0.8663227118350747","0.2750175467829025","0.8695392565572346","0.863129876287771","0.23927355421133753","0.8826351351351351","0.953919996255157","0.8675448713671589","0.274642653650028","0.8698332297988245","0.8652685217755046"
"ctmp_gin_seed2_fold4","e21d01bbc19bfe2d7a582f06c6268769e4640a91","2","https://github.com/loveiscomplicated/CTMP_GIN/tree/e21d01bbc19bfe2d7a582f06c6268769e4640a91","ctmp_gin_kfold","-","","4","ctmp_gin","2","0.0000020000545669733313","0.8826880361519608","0.9536503723039828","0.867417602631522","0.2764849451383662","0.8709800086918731","0.863884219147377","0.2325027072896201","0.8831714527027027","0.9539835649696168","0.8679934915280118","0.27595598083023015","0.871390522907126","0.8646228432910309"
"ctmp_gin_seed3_fold0","e21d01bbc19bfe2d7a582f06c6268769e4640a91","3","https://github.com/loveiscomplicated/CTMP_GIN/tree/e21d01bbc19bfe2d7a582f06c6268769e4640a91","ctmp_gin_kfold","-","","0","ctmp_gin","3","0.0000020000545669733313","0.8841145833333334","0.9550631647432336","0.8690595960579409","0.27207100373545395","0.8724383966290549","0.8657068655236699","0.2320731361745572","0.8842820945945946","0.9545732022610738","0.869305173992674","0.2738897268690561","0.8723257617092152","0.8663054327677171"
"ctmp_gin_seed3_fold1","e21d01bbc19bfe2d7a582f06c6268769e4640a91","2","https://github.com/loveiscomplicated/CTMP_GIN/tree/e21d01bbc19bfe2d7a582f06c6268769e4640a91","ctmp_gin_kfold","-","","1","ctmp_gin","3","0.0000020000545669733313","0.8842390471813726","0.9549280408994604","0.8692370085978478","0.27258726430257013","0.8723692922188575","0.8661271377307456","0.23293000037911069","0.8836908783783783","0.9544407097175368","0.86854590059088","0.2742789106846572","0.8721006019246252","0.8650200597037628"
"ctmp_gin_seed3_fold2","e21d01bbc19bfe2d7a582f06c6268769e4640a91","2","https://github.com/loveiscomplicated/CTMP_GIN/tree/e21d01bbc19bfe2d7a582f06c6268769e4640a91","ctmp_gin_kfold","-","","2","ctmp_gin","3","0.0000020000545669733313","0.8843826593137255","0.9551664712035688","0.8695459603106872","0.27243759214595054","0.8716929641221126","0.8674095067728482","0.22986053050389385","0.8833277027027027","0.9546842301369384","0.8681329171320293","0.2740888207476736","0.8717110623328572","0.864584026543204"
"ctmp_gin_seed3_fold3","e21d01bbc19bfe2d7a582f06c6268769e4640a91","2","https://github.com/loveiscomplicated/CTMP_GIN/tree/e21d01bbc19bfe2d7a582f06c6268769e4640a91","ctmp_gin_kfold","-","","3","ctmp_gin","3","0.0000020000545669733313","0.8840188419117647","0.95487990809079","0.8691722015227604","0.2732151244975341","0.8710724838461789","0.8672801922475942","0.23084807322247705","0.8841385135135135","0.9547458178146728","0.8694704790903468","0.27388975436911106","0.8700831262318964","0.8688586941018741"
"ctmp_gin_seed3_fold4","e21d01bbc19bfe2d7a582f06c6268769e4640a91","3","https://github.com/loveiscomplicated/CTMP_GIN/tree/e21d01bbc19bfe2d7a582f06c6268769e4640a91","ctmp_gin_kfold","-","","4","ctmp_gin","3","0.0000020000545669733313","0.8843539368872549","0.9553916245173044","0.8693187350564204","0.2696693662804259","0.8727746700700592","0.8658900611011132","0.23917984925896343","0.8850844594594595","0.9555454892981208","0.8701581272843524","0.26913523953973467","0.8734673155031036","0.8668739185823209"
"gin_seed2_fold0","e21d01bbc19bfe2d7a582f06c6268769e4640a91","2","https://github.com/loveiscomplicated/CTMP_GIN/tree/e21d01bbc19bfe2d7a582f06c6268769e4640a91","gin_kfold","-","","0","gin","2","0.00001277545409338495","0.8825875076593137","0.953681145213683","0.8670183637950759","0.27464312131573804","0.8724725292711937","0.8616319668951248","0.2462247087410608","0.8832648471320347","0.9543398101358428","0.8677835927736572","0.2722883249757236","0.8731559726732253","0.8624769192697923"
"gin_seed2_fold1","e21d01bbc19bfe2d7a582f06c6268769e4640a91","2","https://github.com/loveiscomplicated/CTMP_GIN/tree/e21d01bbc19bfe2d7a582f06c6268769e4640a91","gin_kfold","-","","1","gin","2","0.00001277545409338495","0.8816540287990197","0.9531847413880258","0.8657376230095801","0.27545344545959777","0.8726570027152492","0.8589271089271089","0.2510558939730507","0.8823982007575758","0.953572286036536","0.8666481309262437","0.27401677366791954","0.8730683047442436","0.8603216903017036"
"gin_seed2_fold2","e21d01bbc19bfe2d7a582f06c6268769e4640a91","2","https://github.com/loveiscomplicated/CTMP_GIN/tree/e21d01bbc19bfe2d7a582f06c6268769e4640a91","gin_kfold","-","","2","gin","2","0.00001277545409338495","0.8820082720588235","0.9536668524260322","0.8664340135906967","0.2746892547800783","0.8714111312158008","0.861513427302901","0.245503732590226","0.8831422483766234","0.9542588837452508","0.86759718736229","0.2727502137599236","0.8733449695754057","0.8619245667297973"
"gin_seed2_fold3","e21d01bbc19bfe2d7a582f06c6268769e4640a91","2","https://github.com/loveiscomplicated/CTMP_GIN/tree/e21d01bbc19bfe2d7a582f06c6268769e4640a91","gin_kfold","-","","3","gin","2","0.000001277545409338495","0.8823912377450981","0.9532148253460982","0.8665957146425429","0.2755074172210332","0.8733774051616575","0.8599185309711626","0.24917159495880736","0.8824447037337663","0.9533876880022198","0.8667002229093262","0.27484816253613564","0.8731334634033264","0.8603610891682767"
"gin_seed2_fold4","e21d01bbc19bfe2d7a582f06c6268769e4640a91","3","https://github.com/loveiscomplicated/CTMP_GIN/tree/e21d01bbc19bfe2d7a582f06c6268769e4640a91","gin_kfold","-","","4","gin","2","0.00001277545409338495","0.8827263327205882","0.9536128378758938","0.8668688251980827","0.2755169103577024","0.8743669012694862","0.8594982542350963","0.24256486623522552","0.8823390151515151","0.954098668634506","0.8665003837298542","0.2738063282373754","0.8735312037601184","0.8595818384263268"
"gin_seed3_fold0","e21d01bbc19bfe2d7a582f06c6268769e4640a91","2","https://github.com/loveiscomplicated/CTMP_GIN/tree/e21d01bbc19bfe2d7a582f06c6268769e4640a91","gin_kfold","-","","0","gin","3","0.000001277545409338495","0.8807779947916666","0.9532118512567156","0.8647151168159571","0.2751144878061237","0.871823519102699","0.8577216935892324","0.2539118314211046","0.8809650635822511","0.9529291815456398","0.8649408333693082","0.27566030129257896","0.8718957914281293","0.8580959541643269"
"gin_seed3_fold1","e21d01bbc19bfe2d7a582f06c6268769e4640a91","2","https://github.com/loveiscomplicated/CTMP_GIN/tree/e21d01bbc19bfe2d7a582f06c6268769e4640a91","gin_kfold","-","","1","gin","3","0.00001277545409338495","0.8813093596813726","0.953118220310934","0.8654153051143704","0.2766135789899299","0.8718896630172046","0.8590363912626485","0.24689274608887135","0.8812187161796536","0.9526764611830526","0.8652260462885238","0.2776751088097344","0.8721918669309995","0.8583706100694775"
"gin_seed3_fold2","e21d01bbc19bfe2d7a582f06c6268769e4640a91","2","https://github.com/loveiscomplicated/CTMP_GIN/tree/e21d01bbc19bfe2d7a582f06c6268769e4640a91","gin_kfold","-","","2","gin","3","0.00001277545409338495","0.8822428385416666","0.9534293236930108","0.8670144614137045","0.2761828911479992","0.8699255787715073","0.8641227625893079","0.24414396672202895","0.8818824404761905","0.9532360582478328","0.8666310252322262","0.2767474913603847","0.8693366276898326","0.863942211605265"
"gin_seed3_fold3","e21d01bbc19bfe2d7a582f06c6268769e4640a91","2","https://github.com/loveiscomplicated/CTMP_GIN/tree/e21d01bbc19bfe2d7a582f06c6268769e4640a91","gin_kfold","-","","3","gin","3","1.277545409338495e-7","0.8814769071691176","0.953247441506533","0.8656016415066686","0.27519909600781367","0.8721014175708786","0.8591980344192162","0.25269721880709095","0.8819289434523809","0.953481991702712","0.8661243702634946","0.2743282637692684","0.8723085835666698","0.860027225390056"
"gin_seed3_fold4","e21d01bbc19bfe2d7a582f06c6268769e4640a91","2","https://github.com/loveiscomplicated/CTMP_GIN/tree/e21d01bbc19bfe2d7a582f06c6268769e4640a91","gin_kfold","-","","4","gin","3","0.00001277545409338495","0.8814816942401961","0.95336297526548","0.8653768773177601","0.27470494563918363","0.8733934078960366","0.8575061693804756","0.25521978687052455","0.881155303030303","0.9535078471554482","0.8650369189703015","0.2737073909863998","0.8726957465151647","0.8575113505487288"
"a3tgcn_2_points_seed1_fold0","e21d01bbc19bfe2d7a582f06c6268769e4640a91","2","https://github.com/loveiscomplicated/CTMP_GIN/tree/e21d01bbc19bfe2d7a582f06c6268769e4640a91","a3tgcn_2_points_kfold","-","","0","a3tgcn_2_points","1","0.00002149225458233667","0.8817258348651961","0.9526427725703313","0.8660424313729742","0.2821774328198074","0.8714524207011686","0.860699198206742","0.21881672659042745","0.8811172551406926","0.9519261258347512","0.8653034635704808","0.2848361968285939","0.8709898269128779","0.8596908668671718"
"a3tgcn_2_points_seed1_fold1","e21d01bbc19bfe2d7a582f06c6268769e4640a91","2","https://github.com/loveiscomplicated/CTMP_GIN/tree/e21d01bbc19bfe2d7a582f06c6268769e4640a91","a3tgcn_2_points_kfold","-","","1","a3tgcn_2_points","1","0.00002149225458233667","0.8812519148284313","0.952962850014106","0.8657988985187349","0.28053035591337055","0.8692884302009777","0.8623372704543495","0.22056219503455535","0.8819162608225108","0.9531904096424728","0.8663067306127529","0.2795429585446821","0.8712693033465553","0.8614003693198043"
"a3tgcn_2_points_seed1_fold2","e21d01bbc19bfe2d7a582f06c6268769e4640a91","2","https://github.com/loveiscomplicated/CTMP_GIN/tree/e21d01bbc19bfe2d7a582f06c6268769e4640a91","a3tgcn_2_points_kfold","-","","2","a3tgcn_2_points","1","0.0000021492254582336675","0.8809982000612745","0.953010219665606","0.8654473810980066","0.28044272402401005","0.8693576624873588","0.8615721182860592","0.22061811037508255","0.8806818181818182","0.9525101330612216","0.8650163564364012","0.2817766994651229","0.8695994999759604","0.8604812696841965"
"a3tgcn_2_points_seed1_fold3","e21d01bbc19bfe2d7a582f06c6268769e4640a91","2","https://github.com/loveiscomplicated/CTMP_GIN/tree/e21d01bbc19bfe2d7a582f06c6268769e4640a91","a3tgcn_2_points_kfold","-","","3","a3tgcn_2_points","1","0.00002149225458233667","0.8821423100490197","0.9531044968170618","0.8664960360927044","0.2794560533542595","0.8720285520944752","0.8610332787309251","0.22596509306739856","0.882711038961039","0.9535711911764452","0.8670640434686778","0.27761148530733754","0.8730460457755992","0.8611634591590048"
"a3tgcn_2_points_seed1_fold4","e21d01bbc19bfe2d7a582f06c6268769e4640a91","2","https://github.com/loveiscomplicated/CTMP_GIN/tree/e21d01bbc19bfe2d7a582f06c6268769e4640a91","a3tgcn_2_points_kfold","-","","4","a3tgcn_2_points","1","0.00002149225458233667","0.8808115042892157","0.9525712758514596","0.865260355221716","0.2829422226622344","0.869013196512816","0.8615397879127511","0.2179028927802921","0.8806522253787878","0.952147734387352","0.8648439033498183","0.28416428359332063","0.8701553934933189","0.8595968632228101"
"a3tgcn_2_points_seed2_fold0","e21d01bbc19bfe2d7a582f06c6268769e4640a91","2","https://github.com/loveiscomplicated/CTMP_GIN/tree/e21d01bbc19bfe2d7a582f06c6268769e4640a91","a3tgcn_2_points_kfold","-","","0","a3tgcn_2_points","2","0.00002149225458233667","0.881625306372549","0.9528473576224494","0.8659380218159738","0.2799290612949","0.8713232085188095","0.8606189921979396","0.2264471810457263","0.8828716856060606","0.95357435151513","0.867402415912093","0.27733740689323894","0.872345545907857","0.8625149905773514"
"a3tgcn_2_points_seed2_fold1","e21d01bbc19bfe2d7a582f06c6268769e4640a91","2","https://github.com/loveiscomplicated/CTMP_GIN/tree/e21d01bbc19bfe2d7a582f06c6268769e4640a91","a3tgcn_2_points_kfold","-","","1","a3tgcn_2_points","2","0.00002149225458233667","0.8809359681372549","0.9524727023860032","0.8649229900288923","0.2804578304229206","0.8718358588070422","0.8581188844346739","0.2288514297969039","0.8811468479437229","0.9529445718092816","0.8650273171574794","0.27846159085718636","0.8727621483375959","0.8574283810792804"
"a3tgcn_2_points_seed2_fold2","e21d01bbc19bfe2d7a582f06c6268769e4640a91","2","https://github.com/loveiscomplicated/CTMP_GIN/tree/e21d01bbc19bfe2d7a582f06c6268769e4640a91","a3tgcn_2_points_kfold","-","","2","a3tgcn_2_points","2","0.00002149225458233667","0.8802370557598039","0.952408904722756","0.8643952041280922","0.28044789945186954","0.8695799162449834","0.8592719513772146","0.22992326868405383","0.8813117221320347","0.95311489039979","0.8656743554043644","0.27796212513742574","0.8704177651201724","0.8609823646417253"
"a3tgcn_2_points_seed2_fold3","e21d01bbc19bfe2d7a582f06c6268769e4640a91","2","https://github.com/loveiscomplicated/CTMP_GIN/tree/e21d01bbc19bfe2d7a582f06c6268769e4640a91","a3tgcn_2_points_kfold","-","","3","a3tgcn_2_points","2","0.00002149225458233667","0.8811705346200981","0.9524684088877275","0.8652630093414317","0.2814610108892292","0.8716930782943447","0.8589271089271089","0.22451612903182191","0.8817048836580087","0.9528674940166314","0.8660622828095234","0.27979526780604025","0.8711662349417894","0.8610177879719427"
"a3tgcn_2_points_seed2_fold4","e21d01bbc19bfe2d7a582f06c6268769e4640a91","2","https://github.com/loveiscomplicated/CTMP_GIN/tree/e21d01bbc19bfe2d7a582f06c6268769e4640a91","a3tgcn_2_points_kfold","-","","4","a3tgcn_2_points","2","0.0000021492254582336675","0.8803232230392157","0.9522327383297396","0.8644266331167775","0.28283206884370554","0.8700412636726852","0.8588840036208457","0.22128132551327984","0.8818274824134199","0.952872458152782","0.8662580679116011","0.28075366855300926","0.871054961126934","0.8615137182500785"
"a3tgcn_2_points_seed3_fold0","e21d01bbc19bfe2d7a582f06c6268769e4640a91","2","https://github.com/loveiscomplicated/CTMP_GIN/tree/e21d01bbc19bfe2d7a582f06c6268769e4640a91","a3tgcn_2_points_kfold","-","","0","a3tgcn_2_points","3","0.00002149225458233667","0.8805673636642157","0.9526778216171666","0.8646011407607604","0.2789191154646964","0.8708919161218376","0.8584005948468162","0.2329489608143312","0.881345542478355","0.9524898172280478","0.8653841542084538","0.27926419927320173","0.8722661613134028","0.8586098923585005"
"a3tgcn_2_points_seed3_fold1","e21d01bbc19bfe2d7a582f06c6268769e4640a91","2","https://github.com/loveiscomplicated/CTMP_GIN/tree/e21d01bbc19bfe2d7a582f06c6268769e4640a91","a3tgcn_2_points_kfold","-","","1","a3tgcn_2_points","3","0.0000021492254582336675","0.8809311810661765","0.9526822862182576","0.8652023346936121","0.2801239604188274","0.8702629628014478","0.8602002219899351","0.22588736433027545","0.8805084889069265","0.952175396506742","0.8645735011571024","0.28165081297342703","0.8705338620816087","0.8586942038640906"
"a3tgcn_2_points_seed3_fold2","e21d01bbc19bfe2d7a582f06c6268769e4640a91","2","https://github.com/loveiscomplicated/CTMP_GIN/tree/e21d01bbc19bfe2d7a582f06c6268769e4640a91","a3tgcn_2_points_kfold","-","","2","a3tgcn_2_points","3","0.00002149225458233667","0.8816348805147058","0.9528609622456732","0.8656516919866988","0.2793210722722772","0.8730040439685688","0.8584221472676918","0.22948440839288384","0.8808297821969697","0.9524525796059448","0.8646367054507388","0.2802028527804682","0.8725938705487817","0.8568233513842757"
"a3tgcn_2_points_seed3_fold3","e21d01bbc19bfe2d7a582f06c6268769e4640a91","2","https://github.com/loveiscomplicated/CTMP_GIN/tree/e21d01bbc19bfe2d7a582f06c6268769e4640a91","a3tgcn_2_points_kfold","-","","3","a3tgcn_2_points","3","0.00002149225458233667","0.8801365272671569","0.9521023309165944","0.8641687326067734","0.28101853398899906","0.8700924165956611","0.8583251613737513","0.23201538518842912","0.8810200216450217","0.9524520678824548","0.8652339634928844","0.27972854051749996","0.8704943779086013","0.8600367447572086"
"a3tgcn_2_points_seed3_fold4","e21d01bbc19bfe2d7a582f06c6268769e4640a91","2","https://github.com/loveiscomplicated/CTMP_GIN/tree/e21d01bbc19bfe2d7a582f06c6268769e4640a91","a3tgcn_2_points_kfold","-","","4","a3tgcn_2_points","3","0.00002149225458233667","0.8798062193627451","0.9523485625773992","0.8639530977383313","0.28192282670900515","0.8688492431095175","0.8591118247357135","0.223766242000369","0.8814935064935064","0.952856935059724","0.8657008163734621","0.2797375530039585","0.8715213134362912","0.8599575484718401"
"gin_seed1_fold0","e21d01bbc19bfe2d7a582f06c6268769e4640a91","2","https://github.com/loveiscomplicated/CTMP_GIN/tree/e21d01bbc19bfe2d7a582f06c6268769e4640a91","gin_kfold","-","","0","gin","1","0.00001277545409338495","0.8814960554534313","0.9532219961322124","0.8656087643389558","0.27559670675917086","0.8721570086096555","0.8591581170790585","0.2493609709668427","0.8816879734848485","0.9528594558856373","0.8656160265829228","0.2767876161204896","0.8735099722830617","0.8578634788898618"
"gin_seed1_fold1","e21d01bbc19bfe2d7a582f06c6268769e4640a91","2","https://github.com/loveiscomplicated/CTMP_GIN/tree/e21d01bbc19bfe2d7a582f06c6268769e4640a91","gin_kfold","-","","1","gin","1","0.00001277545409338495","0.8819364659926471","0.953508067566858","0.8666107790908354","0.27520404075266375","0.8698522306548103","0.8633933959824123","0.2481286618891879","0.8822756020021645","0.9536447890561904","0.8668225751684625","0.27452819032835335","0.8710675804265708","0.8626187439319233"
"gin_seed1_fold2","e21d01bbc19bfe2d7a582f06c6268769e4640a91","2","https://github.com/loveiscomplicated/CTMP_GIN/tree/e21d01bbc19bfe2d7a582f06c6268769e4640a91","gin_kfold","-","","2","gin","1","0.00001277545409338495","0.8816588158700981","0.953435116959512","0.8656971027169159","0.2750657795064086","0.8728814487768003","0.8586300543150271","0.24926384269017857","0.8816879734848485","0.9532527315521324","0.8656985728133908","0.27534055813454067","0.8732923464200997","0.8582357250920578"
"gin_seed1_fold3","e21d01bbc19bfe2d7a582f06c6268769e4640a91","3","https://github.com/loveiscomplicated/CTMP_GIN/tree/e21d01bbc19bfe2d7a582f06c6268769e4640a91","gin_kfold","-","","3","gin","1","1.277545409338495e-7","0.8815199908088235","0.9535604601809652","0.8657794553086259","0.274058812744973","0.8713839704822828","0.8602465729804294","0.25204811821053663","0.8829393262987013","0.9539273016562154","0.8673939486816018","0.2730202738785236","0.8729035740448009","0.8619534387908553"
"gin_seed1_fold4","e21d01bbc19bfe2d7a582f06c6268769e4640a91","2","https://github.com/loveiscomplicated/CTMP_GIN/tree/e21d01bbc19bfe2d7a582f06c6268769e4640a91","gin_kfold","-","","4","gin","1","0.00001277545409338495","0.8814577588848039","0.95338504317848","0.8654045798207424","0.27505635470269474","0.8730109991336674","0.8579295628933529","0.2492213251771768","0.8814300933441559","0.9530412865400328","0.8652940074636543","0.2761129805474983","0.8734449691175472","0.8572937683200731"
"gin_gru_2_points_opt_seed_1","b7b4a4f279a49d9bc05b0fd8a938e3f7d86a3ba3","3","https://github.com/loveiscomplicated/CTMP_GIN/tree/b7b4a4f279a49d9bc05b0fd8a938e3f7d86a3ba3","gin_gru_2_points","-","","","","","3.3657148286420825e-8","0.8650998622589532","0.9401045351396604","0.845668136702378","0.30969103320849556","0.8597334401352825","0.8320556440845859","0.31599333270757224","0.8649946434037343","0.9397507225912254","0.8452802473060522","0.31058489060010747","0.8608797588478285","0.8302360136095439"
"gin_gru_2_points_opt_seed_2","b7b4a4f279a49d9bc05b0fd8a938e3f7d86a3ba3","2","https://github.com/loveiscomplicated/CTMP_GIN/tree/b7b4a4f279a49d9bc05b0fd8a938e3f7d86a3ba3","gin_gru_2_points","-","","","","","3.3657148286420827e-9","0.8687729568411386","0.9419444306628932","0.8510698351010129","0.30628685041830483","0.8582250489879473","0.8440329439629649","0.31010800146763995","0.8695955769819406","0.9429679250198798","0.8520516131832833","0.3037236605667443","0.8589025510873846","0.8453091018711915"
"gin_gru_2_points_opt_seed_2","b7b4a4f279a49d9bc05b0fd8a938e3f7d86a3ba3","2","https://github.com/loveiscomplicated/CTMP_GIN/tree/b7b4a4f279a49d9bc05b0fd8a938e3f7d86a3ba3","gin_gru_2_points","-","","","","","3.365714828642082e-7","0.8716138659320477","0.944583676672812","0.8541641766719182","0.2986678254415484","0.8620791753481741","0.8463931955211025","0.3006040166786155","0.871250382614019","0.9443368261031504","0.8537925940409077","0.298930345958788","0.8614752301622095","0.8462457742081351"
"xgboost_seed2_fold0","b7b4a4f279a49d9bc05b0fd8a938e3f7d86a3ba3","3","https://github.com/loveiscomplicated/CTMP_GIN/tree/b7b4a4f279a49d9bc05b0fd8a938e3f7d86a3ba3","xgboost_kfold","-","","0","xgboost","2","","0.8383280493111643","0.9205259584604916","0.8153109106899962","0.3544626183405524","0.8276493095990684","0.8033349839602127","","","","","","",""
"xgboost_seed2_fold1","b7b4a4f279a49d9bc05b0fd8a938e3f7d86a3ba3","2","https://github.com/loveiscomplicated/CTMP_GIN/tree/b7b4a4f279a49d9bc05b0fd8a938e3f7d86a3ba3","xgboost_kfold","-","","1","xgboost","2","","0.838753640236992","0.9208275975325736","0.8157759590904621","0.35386222604696","0.8282192935747249","0.8037009925291192","","","","","","",""
"xgboost_seed2_fold2","b7b4a4f279a49d9bc05b0fd8a938e3f7d86a3ba3","2","https://github.com/loveiscomplicated/CTMP_GIN/tree/b7b4a4f279a49d9bc05b0fd8a938e3f7d86a3ba3","xgboost_kfold","-","","2","xgboost","2","","0.8379502775904859","0.9202225537711898","0.8150945043432712","0.3550236052642277","0.8264400628471531","0.8040562361401167","","","","","","",""
"xgboost_seed2_fold3","b7b4a4f279a49d9bc05b0fd8a938e3f7d86a3ba3","3","https://github.com/loveiscomplicated/CTMP_GIN/tree/b7b4a4f279a49d9bc05b0fd8a938e3f7d86a3ba3","xgboost_kfold","-","","3","xgboost","2","","0.8386866933497832","0.9204522168270218","0.8157960837419594","0.35457844701133723","0.8277925531914894","0.8041423558033888","","","","","","",""
"xgboost_seed2_fold4","b7b4a4f279a49d9bc05b0fd8a938e3f7d86a3ba3","2","https://github.com/loveiscomplicated/CTMP_GIN/tree/b7b4a4f279a49d9bc05b0fd8a938e3f7d86a3ba3","xgboost_kfold","-","","4","xgboost","2","","0.83916010348076","0.920442105072462","0.816391813918958","0.35465373400645134","0.8281410930837809","0.804971257562383","","","","","","",""
"xgboost_seed3_fold0","b7b4a4f279a49d9bc05b0fd8a938e3f7d86a3ba3","2","https://github.com/loveiscomplicated/CTMP_GIN/tree/b7b4a4f279a49d9bc05b0fd8a938e3f7d86a3ba3","xgboost_kfold","-","","0","xgboost","3","","0.8399204288426317","0.9216677936197342","0.8172827107394712","0.3523895180482022","0.8289377532717731","0.8059508687321033","","","","","","",""
"xgboost_seed3_fold1","b7b4a4f279a49d9bc05b0fd8a938e3f7d86a3ba3","1","https://github.com/loveiscomplicated/CTMP_GIN/tree/b7b4a4f279a49d9bc05b0fd8a938e3f7d86a3ba3","xgboost_kfold","-","","1","xgboost","3","","0.8399299926836616","0.9217846908540372","0.8174371168655512","0.35219422373879494","0.8284251951095487","0.8067367106594613","","","","","","",""
"xgboost_seed3_fold2","b7b4a4f279a49d9bc05b0fd8a938e3f7d86a3ba3","2","https://github.com/loveiscomplicated/CTMP_GIN/tree/b7b4a4f279a49d9bc05b0fd8a938e3f7d86a3ba3","xgboost_kfold","-","","2","xgboost","3","","0.8399873757298406","0.9217870051064982","0.8174308723074573","0.35210637361884395","0.8287531806615777","0.8064137619221908","","","","","","",""
"xgboost_seed3_fold3","b7b4a4f279a49d9bc05b0fd8a938e3f7d86a3ba3","2","https://github.com/loveiscomplicated/CTMP_GIN/tree/b7b4a4f279a49d9bc05b0fd8a938e3f7d86a3ba3","xgboost_kfold","-","","3","xgboost","3","","0.8394087633475357","0.9216794769060668","0.8168116732578754","0.35256530797908847","0.8279351107474207","0.8059831636058303","","","","","","",""
"xgboost_seed3_fold4","b7b4a4f279a49d9bc05b0fd8a938e3f7d86a3ba3","2","https://github.com/loveiscomplicated/CTMP_GIN/tree/b7b4a4f279a49d9bc05b0fd8a938e3f7d86a3ba3","xgboost_kfold","-","","4","xgboost","3","","0.8400734502991092","0.9217235879296786","0.8175509803279761","0.35236513223764204","0.8287727292837234","0.8066290610803711","","","","","","",""
"xgboost_seed1_fold0","b7b4a4f279a49d9bc05b0fd8a938e3f7d86a3ba3","2","https://github.com/loveiscomplicated/CTMP_GIN/tree/b7b4a4f279a49d9bc05b0fd8a938e3f7d86a3ba3","xgboost_kfold","-","","0","xgboost","1","","0.8388492786472903","0.9215144424055164","0.8163167418841433","0.3524212602935576","0.8267714796740786","0.8061231080586475","","","","","","",""
"xgboost_seed1_fold1","b7b4a4f279a49d9bc05b0fd8a938e3f7d86a3ba3","3","https://github.com/loveiscomplicated/CTMP_GIN/tree/b7b4a4f279a49d9bc05b0fd8a938e3f7d86a3ba3","xgboost_kfold","-","","1","xgboost","1","","0.838404560039403","0.9213611643148776","0.8159773463664334","0.3528296634753809","0.8256576409781686","0.806521411501281","","","","","","",""
"xgboost_seed1_fold2","b7b4a4f279a49d9bc05b0fd8a938e3f7d86a3ba3","2","https://github.com/loveiscomplicated/CTMP_GIN/tree/b7b4a4f279a49d9bc05b0fd8a938e3f7d86a3ba3","xgboost_kfold","-","","2","xgboost","1","","0.8388349328857456","0.9216338828028904","0.8162673426554365","0.35220488950004863","0.8268740128781435","0.8059293388162853","","","","","","",""
"xgboost_seed1_fold3","b7b4a4f279a49d9bc05b0fd8a938e3f7d86a3ba3","2","https://github.com/loveiscomplicated/CTMP_GIN/tree/b7b4a4f279a49d9bc05b0fd8a938e3f7d86a3ba3","xgboost_kfold","-","","3","xgboost","1","","0.8388492786472903","0.9215685192606996","0.8163267530712129","0.3524413455935411","0.8267354058111808","0.8061769328481926","","","","","","",""
"xgboost_seed1_fold4","b7b4a4f279a49d9bc05b0fd8a938e3f7d86a3ba3","3","https://github.com/loveiscomplicated/CTMP_GIN/tree/b7b4a4f279a49d9bc05b0fd8a938e3f7d86a3ba3","xgboost_kfold","-","","4","xgboost","1","","0.8392509599705433","0.921905742239352","0.8168225113886528","0.3516745159241291","0.8270618613581691","0.8068335952806425","","","","","","",""
"gin_gru_2_points_seed1_fold0","b7b4a4f279a49d9bc05b0fd8a938e3f7d86a3ba3","3","https://github.com/loveiscomplicated/CTMP_GIN/tree/b7b4a4f279a49d9bc05b0fd8a938e3f7d86a3ba3","gin_gru_2_points_kfold","-","","0","gin_gru_2_points","1","3.365714828642082e-7","0.8700977578818488","0.9432259495977484","0.8526301511082174","0.302909368246982","0.8593772216692734","0.8459881993195228","0.30694163534488467","0.8704724210099919","0.9424906359012628","0.8526796212488422","0.30468084092252945","0.8617157490396927","0.8438310362187372"
"gin_gru_2_points_seed1_fold1","b7b4a4f279a49d9bc05b0fd8a938e3f7d86a3ba3","4","https://github.com/loveiscomplicated/CTMP_GIN/tree/b7b4a4f279a49d9bc05b0fd8a938e3f7d86a3ba3","gin_gru_2_points_kfold","-","","1","gin_gru_2_points","1","3.3657148286420827e-9","0.8718721303948577","0.9444994209388516","0.8544227446121744","0.29909847063616046","0.8625123422929237","0.8464834833541496","0.3043342190123264","0.8712108425600864","0.944266372994229","0.8536002762801942","0.2996222028607399","0.8621354519910861","0.845232441058571"
"gin_gru_2_points_seed1_fold2","b7b4a4f279a49d9bc05b0fd8a938e3f7d86a3ba3","2","https://github.com/loveiscomplicated/CTMP_GIN/tree/b7b4a4f279a49d9bc05b0fd8a938e3f7d86a3ba3","gin_gru_2_points_kfold","-","","2","gin_gru_2_points","1","3.365714828642082e-7","0.8715516911539639","0.9444636946738604","0.8543791445039066","0.29909839643169683","0.8605428430997761","0.8483031138291917","0.3045343401395787","0.8710842560086416","0.943661568086592","0.853588406686091","0.3009443930283736","0.861348601493288","0.8459667920513697"
"gin_gru_2_points_seed1_fold3","b7b4a4f279a49d9bc05b0fd8a938e3f7d86a3ba3","2","https://github.com/loveiscomplicated/CTMP_GIN/tree/b7b4a4f279a49d9bc05b0fd8a938e3f7d86a3ba3","gin_gru_2_points_kfold","-","","3","gin_gru_2_points","1","3.3657148286420825e-8","0.8713508187940006","0.9445455122396336","0.8545221496909157","0.29886622250377387","0.8584732409671285","0.8506072612946294","0.303816081185868","0.873063225762895","0.9451053847722972","0.8563885905239289","0.29763594984408176","0.8608309260343388","0.8519918691464503"
"gin_gru_2_points_seed1_fold4","b7b4a4f279a49d9bc05b0fd8a938e3f7d86a3ba3","2","https://github.com/loveiscomplicated/CTMP_GIN/tree/b7b4a4f279a49d9bc05b0fd8a938e3f7d86a3ba3","gin_gru_2_points_kfold","-","","4","gin_gru_2_points","1","0.000003365714828642082","0.8714942990511172","0.9443776046913476","0.8532702777974978","0.299563914938602","0.8657181166406258","0.8411753305482579","0.3055693228790868","0.8723079260059411","0.9441403628379834","0.8540830890294707","0.3003186878558239","0.8672894816729829","0.8412728568036096"
"gin_gru_2_points_seed2_fold0","b7b4a4f279a49d9bc05b0fd8a938e3f7d86a3ba3","1","https://github.com/loveiscomplicated/CTMP_GIN/tree/b7b4a4f279a49d9bc05b0fd8a938e3f7d86a3ba3","gin_gru_2_points_kfold","-","","0","gin_gru_2_points","2","3.3657148286420827e-9","0.8683855601469238","0.9419620222279496","0.8507168779598678","0.30566775580867744","0.8572787405018313","0.8442547051983289","0.30643220185641756","0.8702403456656764","0.943534218703617","0.8527724848473243","0.30194321419868353","0.8596787582771869","0.8459762908925111"
"gin_gru_2_points_seed2_fold1","b7b4a4f279a49d9bc05b0fd8a938e3f7d86a3ba3","2","https://github.com/loveiscomplicated/CTMP_GIN/tree/b7b4a4f279a49d9bc05b0fd8a938e3f7d86a3ba3","gin_gru_2_points_kfold","-","","1","gin_gru_2_points","2","3.3657148286420825e-8","0.8669220615243343","0.9407483252059672","0.8490978410009166","0.3086611437557328","0.8554116811451674","0.8428765235367587","0.30939768103227716","0.8680546178773967","0.9412479508360132","0.8501806264912466","0.3075086173302063","0.8576924935956305","0.8427991982749613"
"gin_gru_2_points_seed2_fold2","b7b4a4f279a49d9bc05b0fd8a938e3f7d86a3ba3","1","https://github.com/loveiscomplicated/CTMP_GIN/tree/b7b4a4f279a49d9bc05b0fd8a938e3f7d86a3ba3","gin_gru_2_points_kfold","-","","2","gin_gru_2_points","2","3.365714828642082e-7","0.8677159856137129","0.9410838786588795","0.8487479971782771","0.30763522040912883","0.8623529019568623","0.8355657005038977","0.30880785169276853","0.8684132797731569","0.9422241650544672","0.8496376549549419","0.30478102664621814","0.8627621864044965","0.8369064468022455"
"gin_gru_2_points_seed2_fold3","b7b4a4f279a49d9bc05b0fd8a938e3f7d86a3ba3","2","https://github.com/loveiscomplicated/CTMP_GIN/tree/b7b4a4f279a49d9bc05b0fd8a938e3f7d86a3ba3","gin_gru_2_points_kfold","-","","3","gin_gru_2_points","2","3.3657148286420825e-8","0.8682277318640955","0.9418211304529386","0.848645322903162","0.3057998323387423","0.8663301929116196","0.8316680304922692","0.30740700321159165","0.8695230218741561","0.94266377957591","0.8501492595177172","0.3038341489035789","0.8677865827718912","0.8332145944354203"
"gin_gru_2_points_seed2_fold4","b7b4a4f279a49d9bc05b0fd8a938e3f7d86a3ba3","2","https://github.com/loveiscomplicated/CTMP_GIN/tree/b7b4a4f279a49d9bc05b0fd8a938e3f7d86a3ba3","gin_gru_2_points_kfold","-","","4","gin_gru_2_points","2","3.3657148286420825e-8","0.8700547138047138","0.9429434597302918","0.8521296165275223","0.3031799755266721","0.8615543767745911","0.8429088246694517","0.30419092577393186","0.870299419389684","0.943757802622366","0.8524481566820277","0.3010960272446822","0.861646999456564","0.8434436507333384"
"gin_gru_2_points_seed3_fold0","b7b4a4f279a49d9bc05b0fd8a938e3f7d86a3ba3","2","https://github.com/loveiscomplicated/CTMP_GIN/tree/b7b4a4f279a49d9bc05b0fd8a938e3f7d86a3ba3","gin_gru_2_points_kfold","-","","0","gin_gru_2_points","3","3.3657148286420827e-9","0.8676585935108663","0.9407626945133888","0.8489796809422192","0.3079596887215889","0.8608903548579904","0.83739408490434","0.30995812359244285","0.8682740345665676","0.9409504152321556","0.8496836509663813","0.3074654834131372","0.8616069684777938","0.8380858298979844"
"gin_gru_2_points_seed3_fold1","b7b4a4f279a49d9bc05b0fd8a938e3f7d86a3ba3","2","https://github.com/loveiscomplicated/CTMP_GIN/tree/b7b4a4f279a49d9bc05b0fd8a938e3f7d86a3ba3","gin_gru_2_points_kfold","-","","1","gin_gru_2_points","3","3.3657148286420827e-9","0.8684238215488216","0.9425967329515144","0.8501914060585599","0.3034691522094535","0.8601256059938299","0.840484060249136","0.30649289342200325","0.8688647718066432","0.9422250992075192","0.8505851017798248","0.3042224080763262","0.8611592453417963","0.8402674873665413"
"gin_gru_2_points_seed3_fold2","b7b4a4f279a49d9bc05b0fd8a938e3f7d86a3ba3","2","https://github.com/loveiscomplicated/CTMP_GIN/tree/b7b4a4f279a49d9bc05b0fd8a938e3f7d86a3ba3","gin_gru_2_points_kfold","-","","2","gin_gru_2_points","3","3.365714828642082e-7","0.8671420645852465","0.941050827636902","0.848519219338761","0.3070061683891926","0.8596716094671941","0.8376524800551243","0.3082278909113184","0.8678394207399406","0.9411989012386236","0.8491840694925292","0.30639878309937507","0.8610796453263544","0.8376126832141195"
"gin_gru_2_points_seed3_fold3","b7b4a4f279a49d9bc05b0fd8a938e3f7d86a3ba3","2","https://github.com/loveiscomplicated/CTMP_GIN/tree/b7b4a4f279a49d9bc05b0fd8a938e3f7d86a3ba3","gin_gru_2_points_kfold","-","","3","gin_gru_2_points","3","3.3657148286420825e-8","0.8689929599020508","0.9426083354808829","0.8493802993478572","0.303220928241172","0.8679942909160383","0.8315478946178443","0.3040023237063732","0.8691263840129625","0.9432202899771788","0.8495770931946923","0.3015848111149241","0.8679125626746468","0.8320003039686912"
"gin_gru_2_points_seed3_fold4","b7b4a4f279a49d9bc05b0fd8a938e3f7d86a3ba3","3","https://github.com/loveiscomplicated/CTMP_GIN/tree/b7b4a4f279a49d9bc05b0fd8a938e3f7d86a3ba3","gin_gru_2_points_kfold","-","","4","gin_gru_2_points","3","3.3657148286420825e-8","0.8683377333945516","0.9420304967020476","0.84858785028738","0.3049494828024578","0.86741853509344","0.830557379873171","0.3076017792332468","0.8687086483931947","0.942793652035881","0.8490024895299011","0.3029381289262634","0.8679009405881652","0.8309095226786987"
"fully_connected_ctmp_gin_seed1_fold0","e6e0e2c6fb1df16c294f97bb138b3abe8eeb73bd","2","https://github.com/loveiscomplicated/CTMP_GIN/tree/e6e0e2c6fb1df16c294f97bb138b3abe8eeb73bd","fully_connected_ctmp_gin_kfold","-","","0","fully_connected_ctmp_gin","1","0.0000020000545669733313","0.8832768458946079","0.9549236367724596","0.8679752010179494","0.27237961477088246","0.8722209526296889","0.8637705836710061","0.23195332032527344","0.8841089527027027","0.9542756085747042","0.8687032031193933","0.27490185810055695","0.874379990176155","0.863099652044949"
"fully_connected_ctmp_gin_seed1_fold1","e6e0e2c6fb1df16c294f97bb138b3abe8eeb73bd","2","https://github.com/loveiscomplicated/CTMP_GIN/tree/e6e0e2c6fb1df16c294f97bb138b3abe8eeb73bd","fully_connected_ctmp_gin_kfold","-","","1","fully_connected_ctmp_gin","1","0.0000020000545669733313","0.8843156403186274","0.9552008778082114","0.8694661106669835","0.27078291780422903","0.8715941087286116","0.8673484783170963","0.23536610743137448","0.8849155405405406","0.9553335599698052","0.8702026119509616","0.27032047051928404","0.8719468545084901","0.8684653338276817"
"fully_connected_ctmp_gin_seed1_fold2","e6e0e2c6fb1df16c294f97bb138b3abe8eeb73bd","2","https://github.com/loveiscomplicated/CTMP_GIN/tree/e6e0e2c6fb1df16c294f97bb138b3abe8eeb73bd","fully_connected_ctmp_gin_kfold","-","","2","fully_connected_ctmp_gin","1","0.0000020000545669733313","0.8835544960171569","0.954845861234304","0.8683120665666939","0.27223786416592516","0.8724068534131085","0.8642555392706268","0.2347437880252164","0.8838048986486486","0.9545483664929804","0.86852479226296","0.2731208883035003","0.8731349736278305","0.8639630390143738"
"fully_connected_ctmp_gin_seed1_fold3","e6e0e2c6fb1df16c294f97bb138b3abe8eeb73bd","1","https://github.com/loveiscomplicated/CTMP_GIN/tree/e6e0e2c6fb1df16c294f97bb138b3abe8eeb73bd","fully_connected_ctmp_gin_kfold","-","","3","fully_connected_ctmp_gin","1","0.0000020000545669733313","0.8840236289828431","0.9548159890171214","0.8690312082731927","0.27281249070846925","0.8718638478810296","0.8662169152513147","0.235810342882328","0.8854560810810811","0.955250589768205","0.8704680038204393","0.2716370905284579","0.8745358064732807","0.8664378677973514"
"fully_connected_ctmp_gin_seed1_fold4","e6e0e2c6fb1df16c294f97bb138b3abe8eeb73bd","2","https://github.com/loveiscomplicated/CTMP_GIN/tree/e6e0e2c6fb1df16c294f97bb138b3abe8eeb73bd","fully_connected_ctmp_gin_kfold","-","","4","fully_connected_ctmp_gin","1","0.0000020000545669733313","0.8843060661764706","0.955346382866488","0.869435560549745","0.2706596868165333","0.8716959875205824","0.8671868264505561","0.2329208407775767","0.8839315878378379","0.9545661979554988","0.8688974218321448","0.2734503549485743","0.8718960004594972","0.8659193976212887"
"fully_connected_ctmp_gin_seed3_fold0","e6e0e2c6fb1df16c294f97bb138b3abe8eeb73bd","1","https://github.com/loveiscomplicated/CTMP_GIN/tree/e6e0e2c6fb1df16c294f97bb138b3abe8eeb73bd","fully_connected_ctmp_gin_kfold","-","","0","fully_connected_ctmp_gin","3","0.0000020000545669733313","0.8836693857230392","0.954507779227358","0.868413500327599","0.27358724924553296","0.8727470613844145","0.8641227625893079","0.2335900776171584","0.8831587837837838","0.9541696152099524","0.8678398104627613","0.27456813101543076","0.872164136831898","0.8635581539046533"
"fully_connected_ctmp_gin_seed3_fold1","e6e0e2c6fb1df16c294f97bb138b3abe8eeb73bd","2","https://github.com/loveiscomplicated/CTMP_GIN/tree/e6e0e2c6fb1df16c294f97bb138b3abe8eeb73bd","fully_connected_ctmp_gin_kfold","-","","1","fully_connected_ctmp_gin","3","0.0000020000545669733313","0.8835401348039216","0.9546303620437946","0.8683663752056099","0.2738249657883416","0.8720372966452581","0.8647262303738268","0.23101583353521185","0.8833403716216216","0.9540438211547326","0.8679752056241368","0.2759082516896224","0.8726923261736581","0.8633088053543247"
"fully_connected_ctmp_gin_seed3_fold2","e6e0e2c6fb1df16c294f97bb138b3abe8eeb73bd","2","https://github.com/loveiscomplicated/CTMP_GIN/tree/e6e0e2c6fb1df16c294f97bb138b3abe8eeb73bd","fully_connected_ctmp_gin_kfold","-","","2","fully_connected_ctmp_gin","3","0.0000020000545669733313","0.8842581954656863","0.9549304405993416","0.8691043353978085","0.2717833191842014","0.8732742207474297","0.864974083213897","0.23695697264980792","0.8838006756756757","0.954610911210805","0.8685934783854515","0.27283984006437306","0.8726693471773072","0.8645555059085248"
"fully_connected_ctmp_gin_seed3_fold3","e6e0e2c6fb1df16c294f97bb138b3abe8eeb73bd","1","https://github.com/loveiscomplicated/CTMP_GIN/tree/e6e0e2c6fb1df16c294f97bb138b3abe8eeb73bd","fully_connected_ctmp_gin_kfold","-","","3","fully_connected_ctmp_gin","3","0.0000020000545669733313","0.8828843060661765","0.9545060689417094","0.8675426770835025","0.2739699311250275","0.8717574860724234","0.8633684278586592","0.2331276517046683","0.8838471283783784","0.9544588645646538","0.8686604367321017","0.27403918503412233","0.8724892086330935","0.8648651218514961"
"fully_connected_ctmp_gin_seed3_fold4","e6e0e2c6fb1df16c294f97bb138b3abe8eeb73bd","1","https://github.com/loveiscomplicated/CTMP_GIN/tree/e6e0e2c6fb1df16c294f97bb138b3abe8eeb73bd","fully_connected_ctmp_gin_kfold","-","","4","fully_connected_ctmp_gin","3","0.0000020000545669733313","0.8843635110294118","0.9551404003929054","0.869289958118243","0.2711881682930929","0.8730124226977796","0.8655991034192916","0.2356368142708301","0.8851266891891892","0.955451980727162","0.8702281336170294","0.2700533470991776","0.8733864480790593","0.8670925788603046"
"fully_connected_ctmp_gin_seed2_fold0","e6e0e2c6fb1df16c294f97bb138b3abe8eeb73bd","2","https://github.com/loveiscomplicated/CTMP_GIN/tree/e6e0e2c6fb1df16c294f97bb138b3abe8eeb73bd","fully_connected_ctmp_gin_kfold","-","","0","fully_connected_ctmp_gin","2","0.0000020000545669733313","0.8830422794117647","0.9540421559128208","0.8679508382786911","0.2764515522678167","0.8706330102140394","0.8652851416009311","0.2255621297334672","0.8844847972972973","0.9547297025866532","0.8695266441531682","0.2744271941403172","0.8725565277325726","0.8665177298222264"
"fully_connected_ctmp_gin_seed2_fold1","e6e0e2c6fb1df16c294f97bb138b3abe8eeb73bd","2","https://github.com/loveiscomplicated/CTMP_GIN/tree/e6e0e2c6fb1df16c294f97bb138b3abe8eeb73bd","fully_connected_ctmp_gin_kfold","-","","1","fully_connected_ctmp_gin","2","0.0002000054566973331","0.8818215762867647","0.9534302245756756","0.8670590579378457","0.2763321954084513","0.8665597451104916","0.8675589465063149","0.2498501276496927","0.8824493243243243","0.953908800299236","0.8676001940620809","0.2748581684985118","0.8681369936034116","0.8670640579544806"
"fully_connected_ctmp_gin_seed2_fold2","e6e0e2c6fb1df16c294f97bb138b3abe8eeb73bd","1","https://github.com/loveiscomplicated/CTMP_GIN/tree/e6e0e2c6fb1df16c294f97bb138b3abe8eeb73bd","fully_connected_ctmp_gin_kfold","-","","2","fully_connected_ctmp_gin","2","0.0000020000545669733313","0.8835544960171569","0.9543081832713616","0.8684957426679281","0.274831300041263","0.8714023801516615","0.8656084313979051","0.23090300747218767","0.8844172297297297","0.9545674921032354","0.8695623165198826","0.2741702417904561","0.8718392232564363","0.8672972716037646"
"fully_connected_ctmp_gin_seed2_fold3","e6e0e2c6fb1df16c294f97bb138b3abe8eeb73bd","2","https://github.com/loveiscomplicated/CTMP_GIN/tree/e6e0e2c6fb1df16c294f97bb138b3abe8eeb73bd","fully_connected_ctmp_gin_kfold","-","","3","fully_connected_ctmp_gin","2","0.0000020000545669733313","0.8828843060661765","0.9538472874417387","0.8676859508601901","0.27651568387739633","0.8709407741164975","0.8644553644553644","0.22945251506531175","0.8837204391891892","0.9542984975441772","0.8688615938543309","0.2754029248930045","0.8705407417304499","0.8671889111772367"
"fully_connected_ctmp_gin_seed2_fold4","e6e0e2c6fb1df16c294f97bb138b3abe8eeb73bd","2","https://github.com/loveiscomplicated/CTMP_GIN/tree/e6e0e2c6fb1df16c294f97bb138b3abe8eeb73bd","fully_connected_ctmp_gin_kfold","-","","4","fully_connected_ctmp_gin","2","0.0000020000545669733313","0.8830853630514706","0.9541156845247012","0.8682622133760538","0.2747666566824229","0.8692046006803823","0.8673218673218673","0.2331265745434234","0.8833741554054054","0.9542371657952008","0.8685724619404086","0.27485076205041137","0.8696443546542655","0.867503208327392"
"no_gate_ctmp_gin_seed1_fold0","e6e0e2c6fb1df16c294f97bb138b3abe8eeb73bd","2","https://github.com/loveiscomplicated/CTMP_GIN/tree/e6e0e2c6fb1df16c294f97bb138b3abe8eeb73bd","no_gate_ctmp_gin_kfold","-","","0","no_gate_ctmp_gin","1","0.0000020000545669733313","0.8808210784313726","0.9527482806354906","0.8656695479512664","0.28208225614035953","0.8668388407425818","0.8645034054659885","0.22478178609149896","0.8818792229729729","0.9522951181008162","0.8666606283935492","0.2845041788599545","0.8691424364404754","0.8641929534348678"
"no_gate_ctmp_gin_seed1_fold1","e6e0e2c6fb1df16c294f97bb138b3abe8eeb73bd","1","https://github.com/loveiscomplicated/CTMP_GIN/tree/e6e0e2c6fb1df16c294f97bb138b3abe8eeb73bd","no_gate_ctmp_gin_kfold","-","","1","no_gate_ctmp_gin","1","0.0000020000545669733313","0.8814721200980392","0.9528404198139409","0.8662994762136185","0.2818867074337999","0.8681464966774173","0.8644602983015777","0.2241946938115551","0.8823986486486487","0.9527085160434596","0.867240014874","0.28245651467041905","0.869794306369713","0.8647006816302085"
"no_gate_ctmp_gin_seed1_fold2","e6e0e2c6fb1df16c294f97bb138b3abe8eeb73bd","2","https://github.com/loveiscomplicated/CTMP_GIN/tree/e6e0e2c6fb1df16c294f97bb138b3abe8eeb73bd","no_gate_ctmp_gin_kfold","-","","2","no_gate_ctmp_gin","1","0.0000020000545669733313","0.8806966145833334","0.9521787127828982","0.8658000732332479","0.28521307543758867","0.8652223513711309","0.866378567117855","0.22155093046397753","0.8816511824324325","0.9520642704304746","0.86678423561959","0.2855901887746668","0.8668295604719484","0.8667389155068826"
"no_gate_ctmp_gin_seed1_fold3","e6e0e2c6fb1df16c294f97bb138b3abe8eeb73bd","1","https://github.com/loveiscomplicated/CTMP_GIN/tree/e6e0e2c6fb1df16c294f97bb138b3abe8eeb73bd","no_gate_ctmp_gin_kfold","-","","3","no_gate_ctmp_gin","1","0.0000020000545669733313","0.8820513556985294","0.9533743618064952","0.8670712956219147","0.27788172508750986","0.8681438587772652","0.8660013794292611","0.2322675557291626","0.8833952702702703","0.9538806819732488","0.8685893774985722","0.2763205718295593","0.8696406278291863","0.8675406656716134"
"no_gate_ctmp_gin_seed1_fold4","e6e0e2c6fb1df16c294f97bb138b3abe8eeb73bd","2","https://github.com/loveiscomplicated/CTMP_GIN/tree/e6e0e2c6fb1df16c294f97bb138b3abe8eeb73bd","no_gate_ctmp_gin_kfold","-","","4","no_gate_ctmp_gin","1","0.0000020000545669733313","0.8805194929534313","0.9522975196091412","0.8655668126316243","0.28519282735773993","0.8652079811347166","0.8659259418915424","0.2205260003389702","0.8820143581081081","0.952151994102049","0.8670868913679504","0.2855079900907418","0.867751518729409","0.8664232813287318"
"no_gate_ctmp_gin_seed2_fold0","e6e0e2c6fb1df16c294f97bb138b3abe8eeb73bd","2","https://github.com/loveiscomplicated/CTMP_GIN/tree/e6e0e2c6fb1df16c294f97bb138b3abe8eeb73bd","no_gate_ctmp_gin_kfold","-","","0","no_gate_ctmp_gin","2","0.0000020000545669733313","0.8823337928921569","0.9533951768243896","0.8672169581987316","0.2782048584629689","0.8694620767347646","0.8649834044570887","0.22629810825988997","0.8839695945945946","0.954319947704054","0.8691494428040766","0.27542172541218135","0.870808283233133","0.8674969103526952"
"no_gate_ctmp_gin_seed2_fold1","e6e0e2c6fb1df16c294f97bb138b3abe8eeb73bd","2","https://github.com/loveiscomplicated/CTMP_GIN/tree/e6e0e2c6fb1df16c294f97bb138b3abe8eeb73bd","no_gate_ctmp_gin_kfold","-","","1","no_gate_ctmp_gin","2","0.0000020000545669733313","0.8827933517156863","0.9537511486394596","0.8678711738548547","0.2774965018641796","0.8692221213300472","0.8665244191559981","0.22443799821648475","0.8833108108108109","0.954203731329746","0.8681767439197764","0.276273066439296","0.8713276132837936","0.8650485806095868"
"no_gate_ctmp_gin_seed2_fold2","e6e0e2c6fb1df16c294f97bb138b3abe8eeb73bd","1","https://github.com/loveiscomplicated/CTMP_GIN/tree/e6e0e2c6fb1df16c294f97bb138b3abe8eeb73bd","no_gate_ctmp_gin_kfold","-","","2","no_gate_ctmp_gin","2","0.0000020000545669733313","0.8830805759803921","0.953522665733498","0.867972669088393","0.27843338637578846","0.870796997700551","0.8651666020087073","0.22538257110916776","0.8831925675675676","0.9538857143013992","0.8681601525262155","0.2774467884814949","0.8705668674122933","0.8657667078619641"
"no_gate_ctmp_gin_seed2_fold3","e6e0e2c6fb1df16c294f97bb138b3abe8eeb73bd","2","https://github.com/loveiscomplicated/CTMP_GIN/tree/e6e0e2c6fb1df16c294f97bb138b3abe8eeb73bd","no_gate_ctmp_gin_kfold","-","","3","no_gate_ctmp_gin","2","0.0000020000545669733313","0.8817880667892157","0.9533717299603672","0.8664799454976047","0.2791164343340931","0.8695170916983179","0.8634639424113109","0.22412007835535663","0.8828631756756756","0.9538570559220992","0.8678853463139545","0.2777950682188414","0.869624977330648","0.8661526614505595"
"no_gate_ctmp_gin_seed2_fold4","e6e0e2c6fb1df16c294f97bb138b3abe8eeb73bd","1","https://github.com/loveiscomplicated/CTMP_GIN/tree/e6e0e2c6fb1df16c294f97bb138b3abe8eeb73bd","no_gate_ctmp_gin_kfold","-","","4","no_gate_ctmp_gin","2","0.0000020000545669733313","0.8810747931985294","0.9527407662010886","0.8657969370391378","0.28324870437637467","0.8680336658759302","0.8635717056769688","0.21628363797871103","0.8829011824324324","0.953439020463748","0.8678180370771145","0.2811691844723845","0.8703530176700068","0.8652977803127525"
"no_gate_ctmp_gin_seed3_fold0","e6e0e2c6fb1df16c294f97bb138b3abe8eeb73bd","2","https://github.com/loveiscomplicated/CTMP_GIN/tree/e6e0e2c6fb1df16c294f97bb138b3abe8eeb73bd","no_gate_ctmp_gin_kfold","-","","0","no_gate_ctmp_gin","3","0.0000020000545669733313","0.882290709252451","0.9528585605037704","0.8670900786465231","0.2824430373076624","0.8698594482040604","0.8643382867980646","0.22098349923331223","0.8806883445945946","0.9523412526114592","0.8652623647401628","0.284196849388484","0.8681646793117308","0.8623793906554494"
"no_gate_ctmp_gin_seed3_fold1","e6e0e2c6fb1df16c294f97bb138b3abe8eeb73bd","1","https://github.com/loveiscomplicated/CTMP_GIN/tree/e6e0e2c6fb1df16c294f97bb138b3abe8eeb73bd","no_gate_ctmp_gin_kfold","-","","1","no_gate_ctmp_gin","3","0.0000020000545669733313","0.8814769071691176","0.9530246909093014","0.8663286956803421","0.2826126693271808","0.8680674269145046","0.8645969158485727","0.21787455112287352","0.8814400337837838","0.9523583475250124","0.866232448220165","0.2853157937368766","0.8682719952623384","0.8642024604034757"
"no_gate_ctmp_gin_seed3_fold2","e6e0e2c6fb1df16c294f97bb138b3abe8eeb73bd","2","https://github.com/loveiscomplicated/CTMP_GIN/tree/e6e0e2c6fb1df16c294f97bb138b3abe8eeb73bd","no_gate_ctmp_gin_kfold","-","","2","no_gate_ctmp_gin","3","0.0000020000545669733313","0.8824821920955882","0.9538695807911654","0.8674982323382252","0.2778304251884086","0.8690038496474761","0.8659978232054916","0.22567863293662355","0.882652027027027","0.9534877808477284","0.867584129918896","0.2791008164319184","0.8697392683462791","0.8654396455835798"
"no_gate_ctmp_gin_seed3_fold3","e6e0e2c6fb1df16c294f97bb138b3abe8eeb73bd","2","https://github.com/loveiscomplicated/CTMP_GIN/tree/e6e0e2c6fb1df16c294f97bb138b3abe8eeb73bd","no_gate_ctmp_gin_kfold","-","","3","no_gate_ctmp_gin","3","0.0002000054566973331","0.8806678921568627","0.9528594397795735","0.8657171484286622","0.27709480206220694","0.8655120043946102","0.8659223897324267","0.24177785934733037","0.8811486486486486","0.9531342357024756","0.866309449163009","0.2763197059525278","0.8655775674675121","0.8670425695784879"
"no_gate_ctmp_gin_seed3_fold4","e6e0e2c6fb1df16c294f97bb138b3abe8eeb73bd","1","https://github.com/loveiscomplicated/CTMP_GIN/tree/e6e0e2c6fb1df16c294f97bb138b3abe8eeb73bd","no_gate_ctmp_gin_kfold","-","","4","no_gate_ctmp_gin","3","0.0000020000545669733313","0.8832241881127451","0.9541525505962096","0.8681661946864394","0.27700699430578224","0.8707921811814959","0.8655559985775402","0.2243405637803117","0.8832263513513513","0.9539830054563522","0.8679717341482047","0.2777778121310793","0.8718514397529111","0.8641264046546119"
"no_process_ctmp_gin_seed1_fold0","e6e0e2c6fb1df16c294f97bb138b3abe8eeb73bd","1","https://github.com/loveiscomplicated/CTMP_GIN/tree/e6e0e2c6fb1df16c294f97bb138b3abe8eeb73bd","no_process_ctmp_gin_kfold","-","","0","no_process_ctmp_gin","1","0.0000020000545669733313","0.8841480928308824","0.9551258132682796","0.8690585046233423","0.27252883037726006","0.8726516065238887","0.8654948702474351","0.22796096526604415","0.8846368243243243","0.9546478631641864","0.8695789172156975","0.27463754856186684","0.8733816675297773","0.865809138098226"
"no_process_ctmp_gin_seed1_fold1","e6e0e2c6fb1df16c294f97bb138b3abe8eeb73bd","1","https://github.com/loveiscomplicated/CTMP_GIN/tree/e6e0e2c6fb1df16c294f97bb138b3abe8eeb73bd","no_process_ctmp_gin_kfold","-","","1","no_process_ctmp_gin","1","0.0000020000545669733313","0.8838417202818627","0.9552339343599904","0.8690494821882471","0.2703132766936038","0.8703881868399148","0.8677148892145875","0.23905601617232075","0.8842398648648648","0.9552568260967944","0.8693023610634322","0.27031062681888907","0.8719714578132324","0.8666495546112236"
"no_process_ctmp_gin_seed1_fold2","e6e0e2c6fb1df16c294f97bb138b3abe8eeb73bd","2","https://github.com/loveiscomplicated/CTMP_GIN/tree/e6e0e2c6fb1df16c294f97bb138b3abe8eeb73bd","no_process_ctmp_gin_kfold","-","","2","no_process_ctmp_gin","1","0.0000020000545669733313","0.8845166973039216","0.9553011360583088","0.8696648153350766","0.27150665132454715","0.8719826652221019","0.867359255108199","0.23253458515743433","0.88390625","0.9549907008907216","0.8688713039413496","0.27265135122456213","0.8719281618273548","0.8658358050041828"
"no_process_ctmp_gin_seed1_fold3","e6e0e2c6fb1df16c294f97bb138b3abe8eeb73bd","2","https://github.com/loveiscomplicated/CTMP_GIN/tree/e6e0e2c6fb1df16c294f97bb138b3abe8eeb73bd","no_process_ctmp_gin_kfold","-","","3","no_process_ctmp_gin","1","2.0000545669733314e-7","0.8834108838848039","0.9549397402801214","0.8685084304695472","0.27292704286358743","0.8702138939077563","0.8668096387619623","0.23088042818598392","0.8853167229729729","0.9554137540858147","0.870582965197459","0.2714361929735254","0.8727998929806792","0.8683772709555363"
"no_process_ctmp_gin_seed1_fold4","e6e0e2c6fb1df16c294f97bb138b3abe8eeb73bd","1","https://github.com/loveiscomplicated/CTMP_GIN/tree/e6e0e2c6fb1df16c294f97bb138b3abe8eeb73bd","no_process_ctmp_gin_kfold","-","","4","no_process_ctmp_gin","1","0.0000020000545669733313","0.8835688572303921","0.9549494477366456","0.8687043175021323","0.2728850044878254","0.8702922534449564","0.86712216570394","0.22909650141951104","0.8846663851351352","0.9546445037636772","0.869870160810006","0.2739900931414362","0.8719099835708555","0.8678398600534307"
"no_process_ctmp_gin_seed2_fold0","e6e0e2c6fb1df16c294f97bb138b3abe8eeb73bd","2","https://github.com/loveiscomplicated/CTMP_GIN/tree/e6e0e2c6fb1df16c294f97bb138b3abe8eeb73bd","no_process_ctmp_gin_kfold","-","","0","no_process_ctmp_gin","2","0.0000020000545669733313","0.8830805759803921","0.9542561525027864","0.8679926494433035","0.27631169367944497","0.8706844205412908","0.8653174705806285","0.22465582095608175","0.8841722972972973","0.9548316195039346","0.8693020995149101","0.27452029510058706","0.8714697901937555","0.8671451658902938"
"no_process_ctmp_gin_seed2_fold1","e6e0e2c6fb1df16c294f97bb138b3abe8eeb73bd","2","https://github.com/loveiscomplicated/CTMP_GIN/tree/e6e0e2c6fb1df16c294f97bb138b3abe8eeb73bd","no_process_ctmp_gin_kfold","-","","1","no_process_ctmp_gin","2","0.0000020000545669733313","0.8833055683210784","0.9540001740919732","0.8678015369013595","0.2758802755358945","0.8734620801082957","0.862213888529678","0.2284738124432618","0.8845988175675675","0.9547748573005485","0.8692694454942521","0.27348236289942357","0.8748736121409381","0.8637366189416843"
"no_process_ctmp_gin_seed2_fold2","e6e0e2c6fb1df16c294f97bb138b3abe8eeb73bd","2","https://github.com/loveiscomplicated/CTMP_GIN/tree/e6e0e2c6fb1df16c294f97bb138b3abe8eeb73bd","no_process_ctmp_gin_kfold","-","","2","no_process_ctmp_gin","2","2.0000545669733314e-7","0.8840954350490197","0.9545117557841956","0.8687255337837105","0.2723211650666064","0.874195237991314","0.8633238501659555","0.24149460001818343","0.8845861486486486","0.9552749183857312","0.869450574646757","0.2701256431957868","0.8737662736664235","0.8651772982222645"
"no_process_ctmp_gin_seed2_fold3","e6e0e2c6fb1df16c294f97bb138b3abe8eeb73bd","1","https://github.com/loveiscomplicated/CTMP_GIN/tree/e6e0e2c6fb1df16c294f97bb138b3abe8eeb73bd","no_process_ctmp_gin_kfold","-","","3","no_process_ctmp_gin","2","0.0000020000545669733313","0.8830614276960784","0.9541757863998788","0.8678681927345897","0.27547681087938425","0.8712423979148567","0.8645200224147592","0.2299838191837353","0.8840793918918919","0.9544751539749982","0.8691398987443151","0.27496499665542395","0.8716663957391063","0.8666280053618793"
"no_process_ctmp_gin_seed2_fold4","e6e0e2c6fb1df16c294f97bb138b3abe8eeb73bd","1","https://github.com/loveiscomplicated/CTMP_GIN/tree/e6e0e2c6fb1df16c294f97bb138b3abe8eeb73bd","no_process_ctmp_gin_kfold","-","","4","no_process_ctmp_gin","2","0.0000020000545669733313","0.883755553002451","0.9542799162056608","0.8688334206588848","0.2751114253915807","0.8710023284778253","0.8666752877279194","0.22913827556039704","0.8837415540540541","0.9549071162478202","0.8688523028258922","0.2730652520505318","0.8708186514643672","0.8668948143923191"
"no_process_ctmp_gin_seed3_fold0","e6e0e2c6fb1df16c294f97bb138b3abe8eeb73bd","2","https://github.com/loveiscomplicated/CTMP_GIN/tree/e6e0e2c6fb1df16c294f97bb138b3abe8eeb73bd","no_process_ctmp_gin_kfold","-","","0","no_process_ctmp_gin","3","0.0000020000545669733313","0.8840092677696079","0.9548386212049008","0.8692813983599482","0.27245857669307283","0.8703801735034516","0.8681853939243726","0.23443146699417575","0.8838302364864865","0.9543082446119416","0.8689392315205222","0.2741974624460215","0.8709933142311366","0.8668948143923191"
"no_process_ctmp_gin_seed3_fold1","e6e0e2c6fb1df16c294f97bb138b3abe8eeb73bd","2","https://github.com/loveiscomplicated/CTMP_GIN/tree/e6e0e2c6fb1df16c294f97bb138b3abe8eeb73bd","no_process_ctmp_gin_kfold","-","","1","no_process_ctmp_gin","3","2.0000545669733314e-7","0.8838608685661765","0.9549860892530044","0.8688176229175791","0.2715221540947303","0.8718961625282167","0.8657607465758591","0.23679759612708148","0.8835346283783784","0.9544763643892692","0.8684164070364946","0.27352659121776673","0.8716561150114456","0.8652006921073147"
"no_process_ctmp_gin_seed3_fold2","e6e0e2c6fb1df16c294f97bb138b3abe8eeb73bd","1","https://github.com/loveiscomplicated/CTMP_GIN/tree/e6e0e2c6fb1df16c294f97bb138b3abe8eeb73bd","no_process_ctmp_gin_kfold","-","","2","no_process_ctmp_gin","3","0.0000020000545669733313","0.8834922640931373","0.9541165915295018","0.86868883061949","0.2771366561797784","0.8698527266637133","0.8675280450876645","0.2252767626270533","0.883589527027027","0.9537024562317756","0.8686582809224319","0.2783897188470998","0.870707688193098","0.8666184984836529"
"no_process_ctmp_gin_seed3_fold3","e6e0e2c6fb1df16c294f97bb138b3abe8eeb73bd","2","https://github.com/loveiscomplicated/CTMP_GIN/tree/e6e0e2c6fb1df16c294f97bb138b3abe8eeb73bd","no_process_ctmp_gin_kfold","-","","3","no_process_ctmp_gin","3","0.0000020000545669733313","0.8841433057598039","0.954844521764644","0.8689744033955563","0.27171845497456304","0.8731436653429799","0.8648447686886429","0.2395505316799338","0.8842271959459459","0.955194776691627","0.8690826954208789","0.27049780767365333","0.8729637943935993","0.8652359535604598"
"no_process_ctmp_gin_seed3_fold4","e6e0e2c6fb1df16c294f97bb138b3abe8eeb73bd","2","https://github.com/loveiscomplicated/CTMP_GIN/tree/e6e0e2c6fb1df16c294f97bb138b3abe8eeb73bd","no_process_ctmp_gin_kfold","-","","4","no_process_ctmp_gin","3","0.0000020000545669733313","0.8833678002450981","0.954912729963064","0.8682685237250746","0.27136426795569357","0.8712929303890184","0.8652650408957187","0.23943354770824968","0.8846663851351352","0.9551795068346376","0.8697721214779918","0.27051527884645465","0.8724971539543294","0.8670640579544806"